CI,Fecha.Nacimiento,Estado.Civil,Sexo,Escuela,Año.de.Ingreso.UCV,Modalidad.de.Ingreso.UCV,Semestre.que.cursa,Ha.cambiado.de.dirección,Num.materias.aprobadas.semestre.anterior,Num.materias.retiradas.semestre.anterior,Num.de.materias.reprobadas.semestre.anterior,Promedio.ponderado.aprobado,Eficiencia,Si.reprobó.una.o.más.materias.indique.el.motivo,Num.materias.inscritas.semestre.en.curso,Realizado.tesis.trabajo.de.grado.o.pasantías,Procedencia,Lugar.donde.reside.mientras.estudia,Personas.con.las.que.vive.mientras.estudia,Tipo.de.vivienda.donde.reside.mientras.estudia,Ha.solicitado.otro.beneficio.en.la.universidad,Esta.realizando.alguna.actividad.que.le.genere.ingresos.,Monto.mensual.de.la.beca,Aporte.mensual.que.le.brinda.su.responsable.económico,Aporte.mensual.que.recibe.de.familiares.o.amigos,Ingreso.mensual.por.actividades.a.destajo.o.por.horas,Alimentación,Transporte.público,Gastos.médicos,Gastos.odontológicos,Gastos.personales,Residencia.o.habitación.alquilada,Materiales.de.estudio,Recreación,Otros.gastos,Quién.es.su.responsable.económico,Carga.familiar,Ingreso.mensual.responsable.económico,Otros.ingresos,Vivienda.resp.economico,Alimentación.resp.economico,Transporte.resp.economico,Gastos.médicos.resp.economico,Gastos.odontológicos,Gastos.educativos.resp.eco,Servicios.públicos,Condominio,Otros.gastos.resp.econm,Opinión.de.nuestros.usuarios..para.mejorar.la.calidad.de.los.servicios.ofrecidos.por.el.Dpto..de.Trabajo.Social.OBE,Sugerencias.y.recomendaciones.para.mejorar.nuestra.atención
1,18/06/51,3,1,0,2007,3,5,No,2,0,1,10.9273,0.4911,"Problemas de salud, enfermedad",1,0,Municipio Sucre,Municipio Sucre,residencia estudiantil,Quinta o casa quinta,No,No,1500,0,0,0,1000,500,800,0,1500,0,400,0,500,Usted mismo,8,0,0,0,0,0,0,0,0,0,0,0,5,"Agradecida, declaro la ayuda económica muy buena y provechosa. "
3,14/03/79,1,1,0,2006,1,5,No,1,1,0,11.404,0.6512,Falta de tiempo para asistir a clases,2,0,Guarenas - Guatire,Guarenas - Guatire,Familiares paternos,Casa en barrio urbano,No,cuido pacientes parapoder obtener un ingreso economico,200,0,2000,3000,3000,2000,0,0,1000,0,500,0,200,ninguno,2,0,0,600,0,0,0,0,1000,300,0,0,4,"de verdad que la he utilizado muy poco pero ,cuando la he necesitado he tenido una respuesta muy satisfactoria "
4,04/08/82,1,1,0,2010,3,3,No,2,2,0,6.9787,0.4681,"Mala distribución del tiempo, Lejanía entre la residencia y la universidad",3,0,Municipio Libertador Caracas,Municipio Libertador Caracas,Madre,Casa en barrio urbano,No,No,1500,500,0,0,600,500,300,0,400,0,200,0,0,Madre,4,4500,3000,0,4000,2000,1000,0,1500,500,0,0,1,"ESTA MUY BIEN
"
5,25/11/82,1,1,0,2011,1,6,No,3,0,0,12.523,0.8333,,2,0,Municipio Sucre,Municipio Sucre,Familiares maternos,Casa en barrio urbano,No,No,1500,1200,1000,0,500,400,0,0,1000,0,500,0,800,Familiares,4,744482,6000,0,7000,2000,0,0,0,800,0,444482,4,"que la trabajadora social trabaje todo el dia cuando este recopilando los documentos, ya que estoy cursando el internado rotatorio y no me da chance llegar antes de las 1 y 30. gracias."
6,20/07/86,1,1,1,2008,1,9,No,2,0,0,14.492,1,,2,1,Municipio Libertador Caracas,Municipio Libertador Caracas,Ambos padres,Apartamento en edifico,No,No,1500,1000,0,0,1000,200,200,0,500,0,2000,0,100,Padre,4,12551,2000,0,10000,2000,9000,0,1000,500,0,1500,5,Buena
7,27/09/86,1,1,0,2007,1,4,No,1,0,1,0.6,0.6,Problemas económicos,2,0,Municipio Libertador Caracas,Municipio Libertador Caracas,Familiares maternos,Apartamento en edifico,No,No,1500,500,500,0,500,500,1000,0,0,0,2000,0,500,Madre,3,2500,0,0,4500,1000,3000,4000,10000,2000,400,400,5,"aumente la becas por favor por que la situación económica esta grave no alcanza
"
8,27/02/89,1,1,1,2008,1,8,No,1,3,0,12.739,0.8972,,3,0,Municipio Sucre,Municipio Sucre,Mi Mamá y mi hijo ,Casa en barrio urbano,No,No,1500,2000,1000,0,2000,500,500,0,500,0,1000,0,0,Madre,2,8000,2000,1500,3000,1000,1000,0,2000,1000,0,500,5,"Establecer horarios más flexibles de atención al estudiante de Bioanalisis, al menos para la recepción de las planillas."
9,07/07/89,1,1,1,2008,2,9,No,2,0,0,12.726,0.9145,,2,1,Municipio Libertador Caracas,Municipio Libertador Caracas,Ambos padres,Casa en barrio urbano,No,No,1500,400,0,0,100,100,200,0,500,0,1000,0,100,Madre,5,3500,1000,0,2000,300,1000,200,0,700,0,350,5,Excelente la idea de dirigirse a la escuela de Bioanálisis ya que por las clases nos queda poco tiempo para dirigirnos a la oficina y realizar los trámites. Gracias.
10,10/12/87,1,0,1,2005,1,9,No,5,0,0,11.957,0.638,,2,1,Municipio Sucre,Municipio Sucre,Padre,Apartamento en edifico,No,No,1500,1000,0,0,2700,1000,500,500,100,0,500,500,700,Padre,2,19000,0,0,8000,3000,3000,2000,5000,2000,1500,4000,4,"no hay sugerencia, todo bien"
11,19/11/88,1,1,0,2012,1,5,No,4,0,0,13.622,1,,3,0,Municipio Libertador Caracas,Municipio Libertador Caracas,Ambos padres,Apartamento en edifico,No,No,1500,1000,0,0,500,400,0,0,200,0,800,0,600,Padre,3,7028,5622,0,6000,1000,0,0,2000,600,2000,1000,5,Excelente  que exista un punto de asistencia para renovación en la escuela de enfermería.
12,04/07/88,1,1,1,2007,1,7,situacion de salud de un familiar,2,0,2,12.135,0.5691,Lejanía entre la residencia y la universidad,4,0,Aragua,,Ambos padres,Casa en barrio urbano,No,No,1800,800,0,0,3000,3240,2500,1000,1000,0,2500,1000,500,Madre,4,15186,0,0,6000,12960,12000,4500,0,1500,0,3000,5,Mejor puntualidad
13,10/05/89,1,1,1,2007,1,8,No,0,0,2,12.488,0.6450,"Problemas personales, Problemas económicos, Problemas de salud, Mala distribución del tiempo, Problemas con el/la docente",2,0,Municipio Baruta,Municipio Baruta,Ambos padres,Apartamento en edifico,No,No,1500,3000,2000,0,2500,500,800,0,400,0,2000,0,300,Madre,2,7000,5000,0,5000,2000,0,0,0,1500,2000,1500,5,"Gracias por su apoyo, hacen un excelente trabajo, estoy muy agradecida"
14,14/08/88,1,1,1,2007,2,10,No,2,0,0,13.921,0.9272,,2,1,Valles del Tuy,Municipio Sucre,Amigos,Habitación alquilada (AVENIDA SANZ. CALLE SECTOR CONVENTO 1. EL MARQUES - LA CALIFORNIA NORTE. EDIFICIO CONTINENTAL. PISO 10. APTO 103. ),"2012, OBE. AYUDA ECONÓMICA. SOLVENTAR GASTOS DE ESTUDIOS Y TRANSPORTE.",STAFF DE EMPRESA DEPORTAIVA. UNO O DOS FINES DE SEMANA AL MES APROXIMADAMENTE.,1500,3000,1000,800,1000,100,200,900,200,3000,600,100,200,Madre,2,10257,9500,0,10000,1000,2000,1200,0,1500,0,4000,5,EXCELENTEATENCIÓN. SIGAN ASÍ!!
15,25/01/90,1,1,1,2008,2,10,No,0,0,0,13.097,0.8235,,1,1,Altos Mirandinos,Altos Mirandinos,Ambos padres,Casa de vecindad,No,No,1500,500,0,0,500,200,200,0,500,0,500,50,50,Padre,5,5622,0,0,3500,500,500,0,0,1000,0,122,5,excelente!
16,26/12/89,1,0,1,2007,1,9,No,3,0,0,12.532,0.8857,,1,1,Municipio Libertador Caracas,Municipio Libertador Caracas,Familiares maternos,Apartamento en edifico,No,No,1500,0,0,0,500,200,0,0,0,0,300,200,300,Madre,1,3800,0,0,3800,200,0,0,0,0,0,300,3,"colocar las secciones de la distribución de gastos un poco más claras, por ejemplo a que se refieren con gastos personales y especificar si en el gasto familiar se incluya el gasto personal, ya que con el monto de la beca aporto a los gatos de alimentación, y al momento de llenar esas secciones, estuve en confusión"
17,28/03/90,1,0,1,2007,1,10,No,1,0,0,13.278,0.9589,,1,1,Municipio Libertador Caracas,Municipio Libertador Caracas,Ambos padres,Casa en barrio urbano,No,No,1500,800,200,0,1000,1000,1500,1500,600,0,500,600,800,Padre,3,8500,2000,0,6500,2000,2000,1500,2500,800,0,1500,5,siempre son muy receptivos. Hasta los momentos no tengo ninguna sugerencia.
18,05/02/88,1,0,1,2006,1,8,No,2,0,1,11.984,0.6214,Problemas económicos,3,0,Apure,,Padre,Residencia estudiantil (),No,No,1500,0,0,0,3000,0,0,0,0,3000,1500,0,0,Padre,4,5600,0,0,5000,500,0,0,0,0,0,0,5,Buen Servicio
19,27/04/90,1,0,1,2008,1,10,No,2,0,0,13.179,0.9026,,2,1,Municipio Libertador Caracas,,Ambos padres,Quinta o casa quinta,No,No,1500,500,200,200,300,200,500,0,1000,0,1000,200,200,Ambos padres,3,9600,0,0,5000,1000,1000,0,500,500,0,2000,5,es un buen servicio
20,19/02/85,1,1,1,2007,1,9,No,1,0,0,13.669,0.8854,,2,1,Municipio Libertador Caracas,Municipio Libertador Caracas,Padre,Apartamento en edifico,No,No,1500,7000,0,0,3000,400,1500,0,0,0,2000,0,500,Padre,3,11000,10000,0,10000,2000,3000,0,3000,3000,1500,0,5,"Este año no recibi el correo electronico para la renovacion como en los años pasados, me entere por el instagram de mi centro de estudiantes , me parecia mas efectiva la via de e mail."
21,26/12/90,1,1,1,2008,2,9,No,3,0,0,13.021,0.8304,,2,1,Municipio Libertador Caracas,Municipio Libertador Caracas,Ambos padres,Casa en barrio urbano,No,No,1500,1000,0,0,2000,500,500,0,500,0,1500,500,200,Madre,5,13682,5000,0,8000,2500,1000,0,3000,700,0,1500,5,Excelente atención 
22,12/09/89,2,1,1,2006,1,9,No,1,0,0,12.165,0.7809,,1,1,Municipio Libertador Caracas,Municipio Libertador Caracas,"madre y su esposo,abuela,y mi esposo",Casa en barrio urbano,No,No,1500,500,0,0,800,500,500,0,800,0,500,300,200,Cónyugue,4,6000,0,0,3000,1200,2000,0,3000,1000,0,1000,5,"Tomar siempre en cuenta la situación económica del país y el beneficio de esta beca estudio y la importancia que tiene para los beneficiarios puesto es una de las únicas entradas que gozan algunos, Gracias."
23,15/09/90,1,1,1,2008,2,10,No,1,0,0,15.280,1,,1,2,Altos Mirandinos,Altos Mirandinos,Ambos padres,Casa en barrio urbano,No,No,1500,3000,500,0,1000,700,0,0,1300,0,1200,700,150,Ambos padres,2,16996.77,3000,0,12500,2000,0,700,0,600,0,1200,5,"seguir la renovación por este medio, me parece excelente esta vía ya que se evita el uso de hojas y se contribuye con el reciclaje y por lo tanto con el medio ambiente."
24,10/09/91,1,1,1,2010,2,8,No,5,0,0,14.845,1,,4,0,Municipio Libertador Caracas,Municipio Libertador Caracas,Madre,Apartamento en edifico,No,No,1500,800,0,0,8000,300,800,0,1200,0,600,0,10900,Ambos padres,3,12445.48,3000,0,10000,600,0,0,0,2000,500,2000,5,"agradecida, por las atenciones recibidas"
25,17/12/90,1,1,1,2009,1,10,No,2,0,0,15.899,1,,2,1,Guarenas - Guatire,Guarenas - Guatire,Madre,Apartamento en edifico,No,No,1000,2000,0,0,1000,0,500,0,1000,0,250,1000,500,Madre,2,10000,0,1500,5000,500,500,0,0,1000,1000,2000,4,extender el horario de atencion a los estudiantes
26,18/03/89,2,1,1,2006,2,5,Unión a pareja,0,2,0,12.947,0.6358,,1,0,Valles del Tuy,Valles del Tuy,Esposo (a) Hijos (as) ,Apartamento en quinta - casa quinta o casa,No,No,1500,2000,0,0,0,400,0,1000,0,0,1000,0,300,Cónyugue,2,8000,0,0,6000,400,1000,1000,0,0,0,1000,5,"Me parece que estan haciendo un buen trabajo, con excelente comunicación hacia los estudiantes."
27,03/10/90,1,0,1,2008,1,8,No,3,0,1,13.205,0.7697,"Problemas familiares, Problemas económicos, Falta de tiempo para estudiar, Deficientes hábitos de estudios",4,0,Valles del Tuy,Valles del Tuy,Familiares maternos,Casa en barrio urbano,No,No,1500,1000,200,0,2000,150,0,0,200,0,350,0,0,tia,5,7500,0,0,5000,800,400,0,0,300,0,1000,5,extender por unos dias mas la renovacion de la beca ya que por la complejidad de nuestros horarios se nos hace dificil asistir
28,16/05/91,1,0,1,2010,1,8,No,4,0,0,11.55,0.8952,,4,0,Valles del Tuy,Valles del Tuy,Familiares maternos,Casa en barrio urbano,No,No,1500,1200,0,0,300,450,250,0,500,0,700,200,250,Familiares,3,5622,0,0,3000,2000,300,0,200,100,0,0,5,"Excelente trabajo, seria fantastico que presionaran a los organismos competentes para que llegue el dinero del aumento a la universidad "
29,26/06/91,1,1,1,2009,2,6,No,4,0,1,12.902,0.8014,"Problemas personales, Falta de tiempo para estudiar, Elevada carga horaria, Mala distribución del tiempo",4,0,Municipio Libertador Caracas,Municipio Libertador Caracas,Ambos padres,Casa en barrio urbano,No,No,1500,1500,0,0,0,600,0,650,0,0,3000,0,0,Madre,2,7000,0,0,4000,2000,0,0,1000,0,0,0,5,la atencion brindada es satisfactoria
30,29/01/90,1,0,1,2010,1,6,No,3,0,0,12.537,0.8304,,4,0,Municipio Libertador Caracas,Municipio Libertador Caracas,Madre,Apartamento en edifico,No,No,1500,500,1000,0,2000,500,0,0,600,0,600,0,200,Madre,3,6700,0,0,10000,2000,0,0,0,0,0,0,5,No tengo ninguna sugerencia
31,18/09/90,1,1,1,2009,2,9,No,4,0,0,14.18,0.1000,,2,1,Valles del Tuy,Valles del Tuy,Ambos padres,Casa en barrio urbano,No,No,1500,3000,2500,0,2000,350,500,500,750,0,1500,1000,200,Padre,4,8788,8000,200,7000,2000,2500,1000,0,1000,0,1500,5,Excelente atención
32,05/11/89,1,1,1,2008,1,7,No,3,0,1,13.225,0.7929,"Problemas de salud, Deficientes hábitos de estudios, Elevada carga horaria",4,0,Municipio El Hatillo,Municipio El Hatillo,Ambos padres,conserjería ,No,No,1500,1000,0,0,0,850,0,0,500,0,1500,0,150,Padre,4,6529,5000,0,10000,1700,2000,0,0,0,0,500,4,"Debido a lo apretado del horario de clases, muchas veces se nos hace difícil reunir ciertos requisitos con prontitud  o incluso entregarlos . Excelente sería una extensión de los horarios de renovación "
33,18/02/91,1,1,0,2010,1,4,No,4,0,0,11.916,0.5941,,3,3,Municipio Sucre,Municipio Sucre,Madre,Apartamento en edifico,No,No,1500,1500,0,0,700,1000,200,0,300,0,500,0,300,Madre,3,24905.01,0,4300,9000,1500,3000,0,2500,1000,2600,1500,5,"alargar las fecgas para la entrega de documentos para la renovación de becas, ya que muchos alumnos por el estudio no tiene tiempo de entregar los recaudos a tiempo"
34,24/11/89,1,1,0,2011,1,7,No,2,0,0,14.0870,0.9829,,2,0,Municipio Chacao,Municipio Chacao,Familiares maternos,Apartamento en edifico,No,No,1500,500,0,0,0,300,0,300,500,0,1000,200,0,Familiares,1,8096,0,1000,3000,300,500,0,1500,300,300,500,5,Realizar todos los procesos via internet para ahorrar tiempo y que sea mas comodo. 
35,22/06/90,1,1,1,2010,1,7,No,5,1,1,11.936,0.7983,"Falta de tiempo para estudiar, Elevada carga horaria, Mala distribución del tiempo",6,0,Valles del Tuy,Valles del Tuy,Madre,Casa en barrio rural,No,No,1500,3000,0,0,2400,600,0,0,0,0,500,0,1600,Madre,4,14000,0,0,8000,2200,0,0,0,600,0,2000,3,ninguna
36,09/04/90,1,1,1,2008,2,10,No,2,0,0,14.873,0.966,,2,1,Municipio Libertador Caracas,Municipio Libertador Caracas,Madre,Casa de vecindad,No,No,1500,1600,0,0,400,600,300,0,400,0,450,800,120,Madre,1,10000,0,4000,4000,900,700,0,0,150,0,180,4,Mejorar el cumplimiento del horario de trabajo para la atención de los estudiantes.
37,06/09/89,1,0,1,2008,1,10,No,2,0,0,14.438,1,,2,1,Altos Mirandinos,Altos Mirandinos,Madre,Apartamento en edifico,No,No,1500,4000,0,0,3000,1840,0,0,3000,0,500,2000,1500,Madre,5,23152.74,0,0,10000,9640,0,5000,0,600,500,700,4,"DEBE HABER MAS DIAS PARA LA RECEPCION DE LOS RECAUDOS, ASI COMO EL HORARIO PARA LA ENTREGA DE LOS RECAUDOS DEBE SER MAS LARGO"
38,28/06/91,1,1,1,2008,2,10,No,2,0,0,14.194,1,,2,1,Municipio Libertador Caracas,Municipio Libertador Caracas,Madre,Apartamento en edifico,No,No,1500,3000,235,0,2000,2000,3000,2000,2000,0,2500,2000,1200,Madre,1,9066.84,0,0,5000,2000,3000,0,0,2000,0,3500,4,prolongar horarios de atencion
39,22/03/91,1,1,0,2010,1,6,porque mis padres se mudaron,2,0,0,13.266,0.9545,,2,0,Municipio Libertador Caracas,Municipio Libertador Caracas,hermana,Casa en barrio urbano,No,No,1500,4000,0,0,2000,100,0,1000,500,0,500,500,200,Padre,5,15000,0,0,6000,0,0,0,0,500,0,500,5,la atencion es muy buena
40,21/09/90,1,1,1,2008,1,10,No,2,0,0,14.557,1,,2,2,Guarenas - Guatire,Guarenas - Guatire,Madre,Apartamento en edifico,No,No,1500,1500,0,0,0,1500,0,0,0,0,500,0,0,Madre,1,5622.48,5622.48,0,5000,2000,0,0,0,0,500,1000,5,SIGAN TRABAJANDO EN EL PROCESO DE AUTOMATIZACIÓN 
41,19/10/91,1,1,1,2010,1,8,No,5,0,0,14.338,0.1000,,4,0,Municipio Libertador Caracas,Municipio Libertador Caracas,Madre,Apartamento en edifico,No,No,1500,1000,0,0,200,0,0,0,0,0,1000,0,300,Madre,3,9000,0,600,5000,1000,0,0,500,300,600,1000,5,excelente
42,23/11/90,1,1,1,2008,1,8,No,5,0,0,13.652,0.968,,5,0,Municipio Sucre,Municipio Sucre,Ambos padres,Apartamento en edifico,No,No,1500,1000,200,0,400,100,0,0,600,0,1400,100,100,Padre,5,7500,0,0,4500,300,0,0,1300,600,600,300,4,se recomienda mas difusion acerca de los servicios que ofrece obe la cual podriaser otorgada por correo electronico 
43,18/05/92,1,1,1,2011,1,7,No,4,0,0,13.6,1,,4,0,Municipio Libertador Caracas,Municipio Libertador Caracas,dos hermanos,Quinta o casa quinta,No,No,1500,500,0,0,300,0,200,0,200,0,1000,0,300,Padre,4,10000,5000,0,8000,200,500,0,0,1000,0,1800,5,SU ATENCIÓN  ES MUY BUENA
44,18/05/92,1,1,1,2011,1,7,No,4,0,0,13.6,1,,4,0,Municipio Libertador Caracas,Municipio Libertador Caracas,Ambos padres,Quinta o casa quinta,No,No,1500,500,0,0,300,0,200,0,200,0,1000,0,300,Padre,4,10000,5000,0,8000,200,500,0,0,1000,0,1800,5,SU ATENCIÓN ES MUY BUENA
45,18/05/92,1,1,1,2010,1,7,No,4,0,0,13.666,1,,4,0,Municipio Libertador Caracas,Municipio Libertador Caracas,dos hermanos,Quinta o casa quinta,OBE 2011 UCV . Motivo: ayuda económica para mis estudios ,No,1500,500,0,0,300,0,200,0,200,0,1000,0,300,Padre,4,10000,5000,0,8000,200,500,0,0,1000,0,1800,5,Muy buena atención por parte de la OBE 
46,21/04/90,1,0,1,2011,2,7,No,2,0,2,14.2,0.9151,"Problemas personales, Mala distribución del tiempo",5,0,Municipio Sucre,Municipio Sucre,Madre,Apartamento en edifico,No,No,1950,600,0,0,1000,1000,0,0,1500,0,2000,1500,300,Madre,2,7000,0,2000,5000,2000,0,0,0,500,0,1000,5,Muy buen servicio
47,24/01/91,1,0,1,2008,2,10,No,1,0,0,16.712,1,,1,1,Altos Mirandinos,Altos Mirandinos,Ambos padres,Apartamento en quinta - casa quinta o casa,No,No,1500,2000,0,0,500,1000,0,0,0,0,2000,0,0,Padre,5,16000,0,0,7000,1000,4000,1000,2000,1000,0,0,5,Nada que mejorar.
48,08/09/90,1,1,1,2008,1,2,No,3,0,0,14.000,0.3864,,4,0,Valles del Tuy,Valles del Tuy,Ambos padres,Apartamento en quinta - casa quinta o casa,AÑO 2011 AYUDA ECONÓMICA POR OBE PARA CUBRIR GASTOS  DE MATERIAL DE ESTUDIO.,No,1500,1000,500,0,400,400,2000,0,1000,0,1000,800,500,Padre,4,1703645,2000,0,2500,700,2500,0,6000,500,0,580,4,SER UN POCO MÁS EFICIENTE
49,27/05/88,1,0,0,2009,1,5,No,2,0,0,11.174,0.6117,,3,3,Valles del Tuy,Valles del Tuy,Madre,Casa en barrio urbano,No,No,1500,2800,0,0,0,0,0,0,0,0,1800,0,0,Madre,2,7000,0,1800,2000,2800,0,0,0,0,0,0,4,seguir luchando para una beca mas considerada por los estudiantes ya que no nos alcanza para cubrir nuestros gasto de estudio un libro ya hoy en dia estan minimo 5000 bueno se que no es su culpa del moto que estamos recibiendo horita 
50,24/08/92,1,1,1,2010,1,8,No,3,1,1,13.5,0.95,Problemas de salud,4,0,Guarenas - Guatire,Guarenas - Guatire,Ambos padres,Apartamento en quinta - casa quinta o casa,No,No,1500,2000,0,0,2000,600,1000,0,2000,0,2000,2000,0,Madre,4,17200,0,800,8000,2000,2000,2000,0,800,1900,2000,5,manejar el sistema de msj de texto para los becarios de esta manera ayuda a estar mas informado
51,11/01/15,1,1,0,2010,1,7,No,2,0,0,12.565,0.9829,Mala distribución del tiempo,2,Si,Municipio Libertador Caracas,Municipio Libertador Caracas,Ambos padres,Casa en barrio urbano,No,No,1500,600,500,0,400,560,300,0,1000,0,300,0,0,Padre,5,40000,0,0,20000,1680,10000,0,0,800,0,5000,5,Me parece muy eficiente este método de internet y no es como otros q se caen o tienen errores. 
52,26/07/91,1,1,1,2009,1,7,No,4,0,1,12.609,0.7586,Problemas familiares,4,0,Municipio Libertador Caracas,Municipio Libertador Caracas,Madre,Casa en barrio urbano,No,No,1500,1400,500,200,400,2300,0,0,150,0,600,400,100,Madre,3,8500,4000,0,5500,3500,2000,0,0,400,0,800,5,Siempre muy atentos y con mucha consideración con respecto a los problemas presentados. 
53,22/02/91,1,1,1,2008,1,10,No,2,0,0,13.675,0.9720,,2,1,Municipio Libertador Caracas,Municipio Libertador Caracas,Ambos padres,Apartamento en edifico,No,No,1200,2000,2000,0,30000,2000,10000,0,1000,0,2000,1000,1500,Hermano,3,22000,5000,0,30000,3000,0,0,4500,1500,350,0,5,efectiva
54,11/07/92,1,0,1,2008,2,10,No,1,0,0,14.906,1,,1,1,Táchira,Municipio Libertador Caracas,OTROS INQUILINOS,Casa en barrio urbano,No,No,1500,1500,2000,0,1000,250,0,0,750,0,500,800,200,Madre,3,7977,15000,0,10000,500,500,0,3000,500,0,500,5,"NINGUNA, COMPLETAMENTE SATISFECHO."
55,18/04/91,1,1,1,2008,2,9,No me llegan correos de ustedes,4,0,0,13.654,1,,2,1,Guarenas - Guatire,Guarenas - Guatire,hermanas,Apartamento en edifico,No,No,1500,1500,0,0,600,1300,0,0,400,0,700,0,0,Padre,2,5622,0,0,2000,500,1500,0,0,60,0,0,5,Que envien la fecha de renovación de beca con anticipación por correo
56,07/04/90,1,1,0,2008,1,7,No,2,0,0,12.083,0.7877,,2,0,Valles del Tuy,Valles del Tuy,Familiares maternos,Apartamento en edifico,No,No,1500,700,0,0,500,200,200,0,600,0,150,0,200,Madre,2,5600,0,0,2500,1000,0,0,0,300,500,300,5,Seguir con la misma técnica de trabajo que tienen hasta ahora.
57,12/12/90,1,1,0,2011,1,6,No,3,0,0,12.066,0.9211,,2,3,Municipio Libertador Caracas,Municipio Libertador Caracas,Ambos padres,Apartamento en edifico,No,No,1500,800,0,0,0,720,0,0,800,0,1000,500,0,Madre,2,5622,0,0,3000,720,0,0,0,400,3000,2000,5,Excelente atención y organización. Hubo un poco de problema para cargar la pág. al principio  hasta lograrlo después de varios intentos. 
58,11/10/90,1,1,1,2010,1,7,No,2,0,2,12.659,0.8198,"Mala distribución del tiempo, me costaron esas materias",4,0,Municipio Libertador Caracas,Municipio Libertador Caracas,Ambos padres,Apartamento en edifico,No,No,1500,2000,0,0,2500,400,1000,0,3000,0,2000,0,500,Madre,3,15000,15000,0,12000,2000,2000,0,3500,700,2200,1200,4,Todo bien
59,25/07/90,1,1,1,2008,3,9,mudanza ,1,0,0,13.172,0.9026,,2,1,Altos Mirandinos,,Ambos padres,Apartamento en edifico,No,No,1500,500,100,0,100,700,0,0,200,0,500,500,200,Ambos padres,3,15000,0,0,10000,1000,5000,3000,3000,1000,1000,2000,4,colocar un lapso mas largo para la renovación de beca (semana) 
60,08/09/92,1,1,1,2009,2,9,No,4,0,0,16.300,1,,2,1,Guarenas - Guatire,Guarenas - Guatire,Madre,Quinta o casa quinta,No,No,1500,2500,500,0,800,800,0,500,1000,0,1000,400,0,Madre,2,8000,2000,0,5000,500,500,0,0,800,300,400,5,"sigan asi, atendiendo al estudiante con amor.. prestando el servicio de orientación estudiantil como hasta ahora se han venido destacando. cada dia mejoraremos todos como universidad y sociedad."
61,21/03/91,1,1,1,2008,1,10,No,1,0,0,14.871,1,,1,1,Municipio Libertador Caracas,Municipio Libertador Caracas,madre y hermana,Apartamento en edifico,No,No,1500,1000,0,0,800,60,100,0,300,0,500,400,500,Madre,2,14827,6000,0,12000,1660,4000,2000,1150,1330,2000,1800,4,Muy bueno el trato siempre
62,20/09/91,1,1,1,2010,1,6,No,2,0,1,12.487,0.7692,"Problemas personales, Problemas familiares, Problemas económicos, Problemas de salud, Falta de tiempo para asistir a clases",5,0,Municipio Sucre,Municipio Sucre,Madre,Apartamento en edifico,No,No,1500,700,500,0,2000,600,800,2000,1500,0,2500,500,400,Madre,1,12500,0,0,3500,200,900,700,0,800,2000,1000,5,que extiendan un poco mas el horario de la entrega de los requisitos para la renovacion ya que muchos tenemos horarios de clases con poca flexibilidad como por ejemplo laboratorios todo el dia con un tiempo limitado de almuerzo y descanso
63,20/07/92,1,1,0,2010,1,7,No,2,0,0,12.704,0.9274,,2,0,Municipio Baruta,Municipio Baruta,Madre,Apartamento en quinta - casa quinta o casa,No,No,1500,1000,0,0,1200,760,0,0,140,0,400,0,0,Madre,4,6850,0,0,4000,600,325,0,0,490,0,1435,5,"me parece que realizan un trabajo excelente, muy eficientes, ya que son puntuales dan respuesta oportuna a nuestras dudas u interrogantes. 

excelente que la Lic. Analeth se dirija a nuestra escuela, ya que en muchas cosas esta escuela no la toman mucho en cuenta."
64,23/08/89,1,1,1,2008,1,7,No,2,0,3,11.453,0.6178,"Problemas personales, Deficientes hábitos de estudios",5,0,Vargas,,Ambos padres,Apartamento en edifico,No,No,1500,500,0,0,300,300,0,0,300,0,1000,0,100,Ambos padres,2,9000,7000,6000,5000,0,2000,0,0,2000,0,1000,5,Agradezco toda la ayuda prestada por parte del servicio de trabajo social y ser comprensivos con respecto a las situaciones de cada estudiante
65,04/05/92,1,1,1,2008,2,10,No,1,0,0,14.460,0.9720,,1,1,Municipio Libertador Caracas,Municipio Libertador Caracas,hermana,"Habitación alquilada (el cementerio Av. Soosevelt, sector los jabillos, , quinta floriver)",No,No,1500,4000,1000,0,2000,1000,0,0,0,2700,2000,0,0,Familiares,2,11000,0,2700,5000,3000,0,2000,4000,100,0,0,3,mejorar la comunicaciòn de las fechas de renovaciòn.
66,18/12/90,1,1,1,2010,1,5,No,3,1,1,12.986,0.7526,"Falta de tiempo para estudiar, Mala distribución del tiempo, Lejanía entre la residencia y la universidad",4,0,Municipio Libertador Caracas,Municipio Libertador Caracas,Ambos padres,Apartamento en edifico,No,No,1500,600,0,0,400,550,0,0,200,0,900,0,0,Padre,4,14000,8000,0,9000,5000,2000,0,0,1600,800,1500,4,En general la atención prestada es buena. 
67,21/09/91,1,1,1,2008,2,8,No,3,0,0,12.75,0.85,,2,0,Monagas,Municipio Libertador Caracas,Hermana,Quinta o casa quinta,No,No,1500,3000,0,0,1700,100,0,0,300,0,500,0,0,Madre,3,9000,0,0,5000,500,0,0,0,0,0,0,5,ESTOY SATISFECHA CON SU ATENCION
68,26/10/91,1,0,1,2009,2,8,No,5,0,0,12.975,0.8963,,4,0,Portuguesa,Municipio Libertador Caracas,Familiares paternos,Apartamento en edifico,No,No,1500,4500,0,0,1500,500,800,300,600,0,1000,800,500,Madre,3,9800,6000,0,4000,1000,3000,2000,1000,800,1500,2500,5,Buena atención y proceso mas rápido al estar en la escuela de bioanalisis para la recepción de documentos.
69,23/08/91,1,1,1,2008,2,9,No,4,0,0,13.489,0.9456,,2,1,Municipio Libertador Caracas,Municipio Libertador Caracas,Madre,Apartamento en edifico,No,No,1500,3000,0,0,2000,300,200,0,500,0,1000,300,200,Madre,3,5622,4000,0,5000,100,900,0,0,600,1000,0,4,Me parece prestan buena atención al público 
70,30/05/93,1,1,0,2011,1,5,No,2,0,1,12.218,0.9143,"Problemas con el/la docente, Lejanía entre la residencia y la universidad",2,0,Altos Mirandinos,Altos Mirandinos,madre y hermanos,Apartamento en quinta - casa quinta o casa,No,No,1500,1400,2000,0,0,2420,2000,1500,2500,0,2000,0,1000,Madre,3,10900,4000,6000,5000,7664,4000,2000,2350,380,300,700,4,Concidero que es apta ya que por ser la única escuela que se encuentra lejos de la ciudad universitaria nos facilitan aceptar los datos requeridos en dicha escuela
71,01/11/91,1,1,1,2009,1,10,No,1,0,0,14.814,1,,1,1,Municipio Sucre,Municipio Sucre,Ambos padres,Apartamento en edifico,No,No,1500,2500,0,0,1200,300,0,0,1000,0,1500,0,0,Padre,3,6761,0,0,3000,900,0,0,0,0,0,0,5,Felicidades por hacer esta parte del proceso vía internet
72,28/06/93,1,1,1,2009,2,9,No,4,0,0,14.314,0.9722,,2,1,Nueva Esparta,Municipio Libertador Caracas,Familiares paternos,Apartamento en edifico,No,No,1500,2000,1000,0,1500,200,1000,0,1000,0,800,0,0,Padre,4,10323,0,0,6123,200,1000,1000,1000,500,0,500,5,"Excelente trabajo, agradecida por la ayuda aportada todo este tiempo."
73,19/10/91,1,0,1,2011,1,8,No,4,0,0,13,1,,4,0,Guarenas - Guatire,Guarenas - Guatire,Madre,Apartamento en edifico,No,No,1500,1500,0,0,1000,1000,1000,0,1000,0,1000,500,500,Madre,2,30000,0,0,15000,5000,2000,0,1500,3000,1000,2000,5,EVALUAR LA POSIBILIDAD DE SUBIR EL MONTO DE LA BECA YA QUE 1500BSF NO SE AJUSTA A LA REALIDAD DE GASTOS QUE POSEE UN ESTUDIANTE
74,12/07/93,1,1,0,2011,1,8,No,2,10,3,14.13,1,,3,0,Municipio Sucre,Municipio Sucre,prima,"Habitación alquilada (av principal francisco de miranda, boleita sur, edificio sarina piso 4 apartamento 4-1.)",No,No,1500,3500,1500,0,1500,300,0,0,500,4000,200,0,0,Padre,2,7000,2000,0,2000,500,2000,0,0,1000,800,1000,4,"la gestión es mucho mas rápida por este medio, no tengo inconvenientes de ningún tipo con el servicio de becas estudiantil."
75,13/04/93,1,1,1,2011,2,7,No,5,0,0,15.557,1,,5,0,Apure,Municipio Baruta,Familiares paternos,"Habitación alquilada (Urbanización Cumbres de Curumo, Avenida Principal, Edificio Araucaria)",No,No,1500,6000,0,0,2000,300,200,0,400,3000,500,0,200,Padre,5,10000,5000,0,7000,400,1000,0,200,1500,500,2000,5,"No presento quejas al respecto, de verdad que la beca es una gran ayuda para los estudiantes y más ahora en la situación en la que vivimos"
76,20/07/91,1,1,1,2013,1,3,No,5,0,0,15.388,1,,6,0,Municipio Libertador Caracas,,Ambos padres,Apartamento en edifico,No,No,1500,2500,0,0,4000,400,700,600,700,0,700,500,260,Padre,4,37318.75,0,0,20000,1300,3000,600,5400,700,1900,10000,5,"que todo el proceso se pueda llevar en base electronica, mediante el scan de documentos"
77,08/07/94,1,1,1,2012,1,4,No,5,1,0,14.961,1,,5,0,Municipio Libertador Caracas,Municipio Libertador Caracas,Ambos padres,Apartamento en edifico,No,No,1500,1500,0,0,700,500,500,0,500,0,1000,500,0,Madre,4,9777,5000,0,5000,1500,2000,0,1500,3000,1000,1000,4,MUY BUEN SERVICIO
78,03/04/93,1,1,0,2014,3,3,No,5,0,0,16.833,1,,5,0,Municipio Chacao,Municipio Chacao,Madre,"Habitación alquilada (calle miranda, chacao)",No,No,1500,1500,0,0,400,300,0,0,500,4120,650,700,450,Madre,1,7500,0,4120,1000,100,900,0,0,400,0,300,4,"en lugar de tener un solo trabajador social para gestionar la beca, asignar un segundo para cubrir la gran demanda "
79,10/01/92,1,1,1,2010,1,7,No,4,0,0,14.114,1,,4,0,Municipio Libertador Caracas,Municipio Libertador Caracas,madrina,Apartamento en edifico,No,No,1500,1000,0,0,0,0,0,0,0,0,4000,0,500,Madre,2,12000,0,2000,4000,2000,0,0,0,700,500,0,5,No cambiar tanto a la trabajadora social.
80,08/10/92,1,1,0,2014,1,3,No,5,0,0,11.833,1,,5,0,Municipio Libertador Caracas,Municipio Libertador Caracas,Ambos padres,Apartamento en edifico,No,No,1500,1000,0,0,500,400,0,0,250,0,800,0,600,Padre,3,7028,5622,0,6000,1000,0,0,2000,600,2000,1000,5,Excelente forma de renovar.
81,13/09/91,1,1,1,2010,1,7,No,4,0,0,13.196,0.9825,,6,0,Municipio Libertador Caracas,Municipio Libertador Caracas,Ambos padres,Apartamento en edifico,No,No,1500,2000,1000,0,1000,1000,300,0,700,0,1000,0,500,Ambos padres,2,10000,10000,0,13000,3000,1000,0,0,1000,200,1500,5,...
82,13/08/92,1,1,1,2011,1,7,No,4,0,0,14.59,1,,5,0,Municipio Libertador Caracas,Municipio Libertador Caracas,Madre y hermano,Apartamento en edifico,Beca ayudantía en el año 2011 Universidad Central de Venezuela (OBE) apoyo económico para material de estudio,No,1500,0,0,1000,500,0,0,0,500,0,1500,0,0,Madre,2,6050,0,1500,3200,500,0,0,0,800,0,0,4,Un horario un poco más amplio de atención ya que el horario de clases siempre choca
83,24/01/92,1,1,1,2009,1,8,No,3,0,2,12,0.7982,"Problemas personales, Problemas económicos",5,0,Aragua,Altos Mirandinos,sola,Apartamento en edifico,No,No,1000,1500,3000,1000,1500,300,300,0,1000,0,3000,1000,2000,Madre,2,11550,7000,0,9000,1000,1000,0,3000,3000,600,2000,5,"Consideracion para los estudiantes , ya que somos una de las victimas mas afectadas de esta horrible inflación , los materiales de estudio se han vuelto cada vez mas costosos y pues estudiar es ya casi una mision dificil por no decir imposible"
84,29/10/93,1,1,1,2011,2,6,No,5,0,0,13.67,0.967,,4,0,Trujillo,Municipio Libertador Caracas,Familiares maternos,Casa en barrio urbano,"solicitud en 2013. 
ayuda economica 
",No,1500,2000,0,0,1500,500,0,0,0,0,1000,0,500,Padre,2,5000,0,0,3000,500,500,0,0,300,0,700,5,para la renovacion de becas extender el horario de atencion .
85,21/06/93,1,0,1,2011,2,7,No,4,0,0,14.676,1,,4,0,Vargas,,Mamá y Abuela,Quinta o casa quinta,"Año solicitud 2013
Institución: Universidad Central de Venezuela (OBE)
Motivo: Transporte, Materiales Estudios, Comida",No,1500,1500,0,0,900,1600,0,0,0,0,500,0,0,Madre,3,5622,0,0,2500,1000,2000,0,0,122,0,0,4,"Colocar un amplio horario de atención, debido a que chocan con los horario académicos"
86,20/02/92,1,0,1,2011,2,7,No,4,0,0,15.877,1,,6,0,Municipio Libertador Caracas,Municipio Libertador Caracas,Ambos padres,Casa en barrio urbano,No,No,1500,800,0,0,500,150,0,0,600,0,1000,0,50,Madre,3,8000,0,1500,4000,500,2000,0,0,0,0,0,4,"la atención brindada esta acorde con el tramite realizado, lo puedo catalogar como buena."
87,07/06/93,1,1,0,2010,1,7,No,2,0,0,12.9,0.9,,2,0,Municipio Libertador Caracas,Municipio Libertador Caracas,Madre,Apartamento en edifico,No,No,1500,1000,0,0,500,800,0,0,0,0,500,200,500,Madre,5,5600,5000,0,5000,1200,600,0,1000,1000,800,1000,5,Ninguna esto nos ayuda a agilizar el proceso 
88,03/04/92,1,1,0,2009,1,5,"vivia con mi tia, ahora vivo con mi madre en los valles del tuy",2,0,0,11.604,0.76,,2,0,Valles del Tuy,Valles del Tuy,"madre,hermano e hijo",Casa en barrio urbano,fames ayuda para maternidad,No,1500,1000,0,0,500,1000,0,0,500,0,500,0,0,Madre,4,4480,2000,0,2000,1000,0,0,0,1000,600,1000,5,la atencion siempre a sido excelente y  tiempo. y lo mejor es que ahora la renovación la podemos hacer en la escuela
89,18/04/93,1,1,1,2012,1,5,No,4,0,0,17.22,1,,7,0,Municipio Chacao,Municipio Chacao,Madre,Casa en barrio urbano,No,No,1500,400,0,0,1500,400,300,0,1000,0,1000,500,500,Madre,2,7980,0,0,7000,1000,1500,0,0,400,0,800,5,muy buen servicio
90,24/5//91,1,1,1,2010,1,7,No,4,1,0,13.336,0.9304,,4,0,Bolívar,Municipio Libertador Caracas,Familiares paternos,Apartamento en edifico,No,No,1500,500,500,0,1000,600,200,0,1000,0,2000,500,300,Familiares,4,9100,0,0,4000,1000,0,0,1000,500,0,0,4,mayor flexibilidad en el horario de renovacion de beca.
91,21/11/92,1,1,0,2010,1,6,No,3,0,0,11.158,0.6949,,1,Si,Guarenas - Guatire,,Madre,Apartamento en edifico,No,No,1500,1000,0,0,0,1500,0,0,0,0,1000,0,0,Madre,4,5500,0,0,5000,500,0,0,0,0,0,0,4,cumplir con el pago a tiempo.
92,22/05/93,1,1,1,2010,1,4,No,1,1,1,12.700,0.7273,"Problemas familiares, Deficiente formación del bachillerato",4,0,Guarenas - Guatire,Guarenas - Guatire,Ambos padres,Apartamento en quinta - casa quinta o casa,No,No,1500,1500,0,0,1200,700,300,0,300,0,300,0,200,Madre,5,10810.91,7500,400,5000,1400,2450,1000,3500,750,800,3000,5,"seguir manteniendo el buen trato con los alumnos, y mantenernos informados de lo que ocurre en la univerisidad con respecto a la beca"
93,27/08/93,1,1,0,2011,2,7,No,2,0,0,13.078,0.9829,,2,3,Guarenas - Guatire,Guarenas - Guatire,Ambos padres,Casa en barrio urbano,No,No,1500,900,0,0,700,500,0,0,100,0,1000,0,100,Padre,4,8000,0,800,4000,1500,0,0,650,250,400,300,4,"Tomar en cuenta que continuamos cursando estudios en la universidad y debido a la situación del país se ha hecho difícil conseguir un empleo en la rama de enfermería, que facilite el horario y colabora al crecimiento profesional educativo."
94,17/08/93,1,1,1,2011,2,6,No,5,1,0,13.227,0.8587,,3,0,Barinas,Municipio Baruta,Familiares maternos,Apartamento en edifico,No,No,1500,1500,0,0,500,100,300,0,600,0,1300,200,0,Padre,3,6700,0,0,5000,1000,1500,0,2000,1000,0,700,3,"Luchar por un aumento de beca ya que la situación económica es realmente fuerte, aun más para aquellos que presentan bajos recursos monetarios al mes"
95,09/11/92,1,1,1,2009,1,8,No,4,0,0,13.222,0.9512,,3,0,Municipio Sucre,Municipio Sucre,Madre,Apartamento en edifico,No,No,1500,3000,1000,0,2000,1500,1000,0,2500,0,2000,2500,355,Padre,2,10000,8000,0,12000,3000,0,0,2500,3500,2100,5000,5,Siempre son amables y responsables. Ojalá pudieran tener mas apoyo para poder hacer mas!
96,22/02/91,1,1,1,2008,3,10,No,0,0,0,12.947,0.9267,,1,1,Municipio Libertador Caracas,Municipio Libertador Caracas,Madre,Casa en barrio rural,No,No,1500,600,600,0,1000,500,1000,1000,500,0,1500,1000,1000,Madre,4,5622.48,3000,0,3000,1500,1000,1000,500,500,0,500,4,ES IMPORTANTE QUE EL HORARIO DE ATENCIO SEA MAS FLEXIBLE
97,19/02/94,1,1,1,2011,2,6,No,5,0,0,13.824,0.9681,,4,0,Valles del Tuy,Valles del Tuy,Madre,Casa en barrio urbano,No,No,1500,1500,0,0,500,1000,0,0,300,0,1200,0,0,hermana,3,6750,0,0,3500,1500,0,0,1500,250,0,0,5,es excelente la atención recibida
98,09/11/93,1,1,0,2011,1,6,No,3,0,0,12.171,0.9813,,1,0,Municipio Libertador Caracas,Municipio Libertador Caracas,Ambos padres,Casa en barrio urbano,No,No,1500,1000,500,0,600,400,300,800,300,0,500,200,200,Padre,4,7500,5000,0,6000,1000,2000,2000,100,400,500,500,5,excelente trato
99,01/11/90,1,1,1,2008,2,8,No,2,1,1,12.024,0.8378,Elevada carga horaria,4,0,Sucre,Municipio Sucre,recidencia,"Habitación alquilada (urb horizonte, av petare, qta merpe, el marques)",No,No,1500,4000,500,0,2000,500,0,0,0,2500,700,0,300,Madre,4,15000,0,0,5000,500,2000,0,8000,1000,0,1000,5,"muy buen trabajo, graciaas"
100,27/02/92,1,1,0,2010,1,7,No,2,0,0,13.782,0.9829,Problemas económicos,2,0,Municipio Baruta,Municipio Baruta,"Madre, Hermano y Sobrina",Apartamento en edifico,No,No,1500,1000,0,0,1400,760,0,0,0,0,150,60,130,Madre,2,6560,0,0,3000,460,800,0,0,800,0,1500,5,Me parece han realizado un excelente trabajo ya que proporcionan la información precisa y con antelación. 
101,21/11/91,1,1,1,2008,2,6,No,5,1,1,12.706,0.7899,"Falta de tiempo para estudiar, Mala distribución del tiempo, Lejanía entre la residencia y la universidad",4,0,Barlovento,,Madre,Casa en barrio rural,No,No,1500,2000,700,0,500,3500,0,0,0,0,1000,0,0,Madre,3,12749,3000,0,6500,6700,2000,0,0,100,0,349,4,Promover e informar mejor los servicios que OBE presta. 
102,22/11/93,1,1,1,2011,3,7,No,4,0,0,13.806,0.9623,,5,0,Municipio Sucre,Municipio Sucre,Ambos padres,Quinta o casa quinta,No,No,1950,600,0,500,1000,100,0,0,1500,0,2000,1000,300,Padre,5,180000,0,0,10000,300,0,0,1300,4000,350,4000,5,"Muy buena, la renovacion online ahorra mucho tiempo y hace el proceso de renovacion mas rapido y eficaz"
103,10/04/93,1,1,0,2011,1,7,No,2,0,2,13.339,0.13125,,2,0,Municipio Libertador Caracas,Municipio Libertador Caracas,Madre,Casa en barrio urbano,No,No,1500,1000,500,0,1000,200,0,1000,300,0,500,0,0,Madre,4,5000,0,0,2000,500,300,1000,1000,200,0,0,5,"Como recomendación ofrecer becas a los estudiantes de licenciaturas muchos no tienen la posibilidad ni el tiempo de trabajar por horarios de estudios y trabajos en clínicas, mucha veces se ve forzado para otros no, lo ideal, es que se estudie cada caso según lo amerite el estudiante, en mi caso lo veo forzado salir de clases a las 12 m para ir corriendo a la clínica y salir a las 7 pm en que tiempo se descansa y se estudia o otros casos q trabajan de noche salir amanecidos para recibir clases por tal motivo no trabajo "
104,10/04/93,1,1,0,2011,1,7,No,2,0,2,13.339,0.13339,,2,0,Municipio Libertador Caracas,Municipio Libertador Caracas,Madre,Casa en barrio urbano,No,No,1500,1000,500,0,1000,200,0,1000,300,0,500,0,0,Madre,4,5000,0,0,2000,500,300,1000,1000,200,0,0,5,"Como recomendación ofrecer becas a los estudiantes de licenciaturas muchos no tienen la posibilidad ni el tiempo de trabajar por horarios de estudios y trabajos en clínicas, mucha veces se ve forzado para otros no, lo ideal, es que se estudie cada caso según lo amerite el estudiante, en mi caso lo veo forzado salir de clases a las 12 m para ir corriendo a la clínica y salir a las 7 pm en que tiempo se descansa y se estudia o otros casos q trabajan de noche salir amanecidos para recibir clases por tal motivo no trabajo "
105,27/03/92,1,1,1,2009,1,9,No,4,0,0,14.157,0.9722,,2,1,Municipio Libertador Caracas,Municipio Libertador Caracas,Ambos padres,Apartamento en edifico,No,No,1500,1500,1000,2000,1200,200,500,400,1200,0,800,1800,500,Padre,3,10500,6000,0,5000,800,2500,600,4000,500,1200,1200,5,Yo particularmente nunca he tenido problemas con este sistema...siempre están atentos a cualquier inconveniente y siempre lo solventan lo mas rápido posible.
106,06/04/92,1,1,1,2010,2,7,No,4,0,1,13.969,0.9245,Problemas personales,4,0,Anzoategui,Guarenas - Guatire,Familiares paternos,Casa en barrio urbano,No,No,1500,3000,0,0,1500,1000,0,0,500,0,600,500,400,Madre,3,16000,4000bs,0,7000bs,2000bs,3000,0,0,0,1000,5000,5,"Expandir la hora para renovar las becas hasta las 3/4pm porque habemos muchos que no podemos ir en el horario entre las 8.30am y la 1.30pm debido a los laboratorios prácticos de la carrera, de los cuales no podemos salir, para dirigirnos a hacer la renovación. Si se expande la hora podemos ir a las 2pm cosa de no perder clases y cumplir con este requisito de renovación. "
107,31/05/94,1,1,1,2012,1,2,No,1,1,2,12.128,0.6610,"Problemas familiares, Problemas económicos, Problemas de salud, Problemas vocacionales, Falta de tiempo para asistir a clases, Falta de tiempo para estudiar, Deficientes hábitos de estudios",3,0,Municipio Libertador Caracas,Municipio Libertador Caracas,Madre,Apartamento en edifico,No,No,1500,0,0,0,400,300,0,0,0,0,800,0,0,Madre,2,10630,0,0,7000,600,0,0,0,1000,1000,800,5,"Hasta ahora, todo excelente... Gente comprometida a prestar un servicio de calidad, se les agradece. "
108,26/03/94,1,1,0,2012,1,6,No,3,0,0,12.381,1,,2,1,Valles del Tuy,Municipio Libertador Caracas,Familiares maternos,Casa en barrio urbano,No,No,1500,1000,300,0,200,300,0,0,400,0,200,0,200,Padre,3,10500,0,0,3000,2000,2500,0,0,1000,500,1500,5,Seguir con el buen servicio prestado.
109,13/11/91,1,0,1,2010,1,7,No,4,0,0,13.981,0.9640,,4,0,Guarenas - Guatire,,Madre,Apartamento en edifico,No,No,1500,1000,1000,0,1000,1000,0,0,0,0,1000,500,120,Madre,2,9668.20,0,500,1500,1000,0,0,2000,0,900,800,5,Seguir atendiendo con calidad humana 
110,09/07/93,1,0,1,2011,1,7,No,5,0,0,15.688,0.1000,,4,0,Guarenas - Guatire,Guarenas - Guatire,Madre,Apartamento en quinta - casa quinta o casa,No,No,1500,5000,0,0,2000,2500,0,0,500,0,1000,500,0,Madre,2,10000,12000,0,13000,4000,0,0,4000,1000,0,0,5,Ninguna
111,01/01/94,1,1,1,2011,1,6,No,4,0,0,16.908,1,,5,0,Guarenas - Guatire,Municipio Libertador Caracas,Familiares maternos,Apartamento en edifico,No,No,1500,3500,0,0,2000,500,0,0,500,0,1500,500,0,Madre,2,12000,0,0,6000,1000,1500,0,1500,1500,500,0,5,Muchas gracias por su labor. Continúen así.
112,01/02/93,1,1,1,2010,2,7,No,4,0,0,13.6,1,,4,0,Guarenas - Guatire,Guarenas - Guatire,Madre,Casa en barrio urbano,"2015, ucv, falta de ingresos, ayuda economica",No,1500,4000,1000,500,2000,1000,500,500,1000,0,1000,1000,0,Padre,3,15000,2000,0,4000,2000,1000,0,2000,400,0,1000,5,ha sido una excelente atención!! 
113,05/12/92,1,0,1,2012,1,5,No,4,0,0,13.521,0.9452,,7,0,Altos Mirandinos,Altos Mirandinos,Madre,Quinta o casa quinta,No,No,1500,1800,0,2000,1600,1400,200,0,250,0,1300,0,300,Madre,2,6000,3000,0,4000,200,3000,0,0,600,0,300,5,"excelente servicio, se recomienda que sea mas automatico "
114,27/12/90,1,0,1,2008,2,10,No,2,0,0,14.385,1,,2,1,Altos Mirandinos,Altos Mirandinos,Familiares maternos,Apartamento en edifico,No,No,1500,1000,0,0,200,200,100,500,0,0,1000,0,500,Madre,2,7209.52,0,0,5000,100,109.52,0,1000,0,0,1000,4,"mejorar la comunicacion con los becarios, ya que me entere el ultimo dia que habia renovacion de la beca"
115,17/06/93,1,1,1,2010,2,5,No,4,0,0,15.666,1,,7,0,Municipio Libertador Caracas,Municipio Libertador Caracas,Madre,Apartamento en edifico,No,No,1500,500,500,0,500,0,0,0,500,0,1000,500,0,Familiares,4,5622.48,2000,0,4000,500,1000,0,0,600,500,1000,4,Que sigan así!
116,13/12/15,1,1,1,2008,2,10,No,2,0,2,13.920,0.1000,,2,1,Valles del Tuy,Municipio Libertador Caracas,Amigos,Residencia estudiantil (Plaza Venezuela),No,No,1500,500,500,0,1000,50,0,0,400,150,200,0,50,Padre,3,8000,2000,0,9000,500,0,0,0,500,200,500,3,"FLEXIBILIZAR LOS HORARIOS DE ATENCION PARA LOS QUE ESTAMOS DE PASANTIAS

MANTENERNOS INFORMADOS"
117,30/06/93,1,1,1,2009,2,5,No,4,0,0,13.5,1,,5,0,Vargas,Municipio Libertador Caracas,sola,Residencia estudiantil (caracas san agustin del norte esquina arismendi),No,No,1500,1500,0,0,700,200,100,0,200,1500,300,0,0,Padre,3,5660,0,0,3860,300,0,0,0,0,0,0,4,ninguna
118,24/06/91,1,1,1,2010,2,8,No,5,0,0,13.621,1,,4,0,Municipio El Hatillo,Municipio El Hatillo,Familiares paternos,Apartamento en edifico,No,No,1500,500,500,0,1500,300,1000,0,600,0,3000,600,600,abuela,3,3000,2000,0,3000,0,3000,0,0,1000,3000,1000,4,"deben ser preguntas mas claras y no pedir tantos monto, ya que con la situación del país se hace difícil discernir cuanto se gasta.  "
119,12/07/94,1,1,0,2012,1,2,No,2,0,2,10.333,0.5333,,4,0,Municipio Libertador Caracas,Municipio Libertador Caracas,Madre,Apartamento en edifico,No,No,1500,3000,0,0,1500,680,2000,2000,1500,0,2000,0,750,Madre,4,6000,2000,300,4000,880,3500,4000,2500,700,300,1000,5,No tengo ninguna sugerencia y recomendación 
120,18/08/94,1,1,1,2011,1,5,No,3,0,0,14.423,1,,6,0,Municipio Libertador Caracas,,Madre,Habitación alquilada (Av. Almamater. Edificio Romeo. Piso 6. Apartamento 136),"Año: 2013. Institucion: OBE. Motivo: ayuda económica para rehabilitación (fisioterapia), ya que me atropello una moto.",No,1500,1500,0,0,1200,180,0,0,1000,3500,400,0,200,Padre,2,7265,5000,3500,5000,300,1500,0,0,300,0,200,5,"Sigan prestando su servicio como lo han hecho hasta ahora, ya que su trabajo ayuda a muchos estudiantes que lo necesitamos."
121,26/06/94,1,1,0,2011,1,6,No,3,0,0,11.800,0.9722,,2,3,Aragua,Municipio Libertador Caracas,Familiares maternos,Apartamento en edifico,No,No,1500,3000,1000,0,3000,1200,0,0,2500,0,2800,1500,2000,Padre,3,8656,3500,0,5000,3000,0,0,800,300,150,2500,3,dar mas días para entregar los recaudos de renovacion.
122,23/07/93,1,1,0,2010,1,7,No,2,0,0,13.565,0.9829,Mala distribución del tiempo,2,0,Municipio Libertador Caracas,Municipio Libertador Caracas,Madre,Apartamento en edifico,No,No,1500,1000,0,0,550,200,0,0,0,0,1300,0,250,Madre,2,8500,0,0,2500,500,300,0,0,1000,1300,1500,5,excelente el servicio. 
123,31/05/93,1,1,1,2010,2,6,No,5,0,0,15.7,1,,4,0,Guarenas - Guatire,Guarenas - Guatire,Ambos padres,Casa en barrio urbano,No,No,1500,800,0,200,2000,1500,1800,1000,1500,0,3000,1000,500,Madre,3,9570,4000,0,5000,2000,1800,1000,2000,500,2500,800,4,Que la trabajadora social envie correos con la actualización de la beca
124,14/12/92,1,1,1,2013,1,4,No,2,1,2,11.700,0.5128,"Problemas personales, Deficientes hábitos de estudios, Deficiente formación del bachillerato, Mala distribución del tiempo",5,0,Mérida,Municipio Libertador Caracas,residencia,Habitación alquilada (Calle la providencia Edf Mary Piso 2 Apto 4. El cementerio),No,No,1500,2500,1500,0,1500,200,0,0,300,1500,1500,200,200,Padre,3,6747,2000,0,2300,0,2500,0,0,100,0,2000,5,"Algunas personas no poseen Internet, por ello en la cartelera de las Escuelas deberían colocar mas información de las actividades o alguna jornada que este realizando OBE"
125,15/08/94,1,1,1,2011,2,6,No,6,0,0,16.337,1,,4,0,Municipio Libertador Caracas,,Madre,Apartamento en edifico,No,No,1500,1500,0,0,900,300,0,0,500,0,1300,0,0,Madre,2,6137,0,0,3000,1000,0,0,1100,1000,0,0,5,me parece muy buena su atención prestada 
126,27/08/92,1,1,1,2012,2,5,No,5,0,0,15.42,0.9452,,7,0,Altos Mirandinos,Altos Mirandinos,"hermano, hermana y mi hijo",Apartamento en edifico,No,No,1500,300,0,0,0,300,0,0,1000,0,300,0,200,Madre,4,5418,0,0,3500,300,0,0,0,1000,200,150,4,"ojala pudieran tener presupuesto para que todos sus servicios funcionaran sin problemas, por ejemplo odontologia"
127,15/02/93,1,1,1,2011,1,6,No,5,0,0,13.693,0.8980,,4,0,Altos Mirandinos,Altos Mirandinos,Madre,Apartamento en edifico,No,No,1500,1500,0,0,1000,500,0,0,0,0,800,300,0,Madre,2,10000,0,0,3000,500,0,0,0,1000,2500,0,3,muy larga
128,30/10/93,1,1,1,2011,2,2,No,3,2,0,13.5,0.8182,,5,0,Municipio Libertador Caracas,Municipio Libertador Caracas,Madre,Apartamento en edifico,"Año:2014 
Institucion: OBE
Motivo: Compra de materiales de estudio. ",No,1500,2000,0,0,1000,500,0,700,500,0,1500,0,0,Madre,4,8000,0,0,3000,500,2000,0,2000,500,0,500,4,..
129,08/04/94,1,1,1,2011,2,7,No,4,0,0,14.424,1,,6,0,Municipio Sucre,Municipio Sucre,Ambos padres,Casa en barrio urbano,No,No,1500,400,0,0,0,250,0,0,600,0,500,200,0,Madre,4,7600,5600,0,10000,500,0,0,0,200,0,1100,5,Estoy de acuerdo con la atención prestada
130,23/03/93,1,1,1,2011,1,5,No,5,5,0,13.065,1,,5,0,Guarenas - Guatire,Guarenas - Guatire,Madre,Apartamento en edifico,No,No,1500,1000,0,0,0,500,0,0,1000,0,700,0,300,Madre,3,8000,3000,180,7000,500,1500,0,0,310,400,1110,4,Enviar un mensaje un día para recordar si se tiene un cita con el trabajador social
131,26/05/93,1,1,0,2010,1,6,No,3,0,0,12.238,0.8400,,2,Si,Municipio Libertador Caracas,Municipio Libertador Caracas,Madre y Hermanos,Casa en barrio urbano,No,"Recreación, algunos fines de semana (poco frecuente por falta de tiempo).",1500,9000,0,1500,0,500,0,950,1000,0,700,0,0,Madre,4,9000,0,0,5000,2000,0,0,0,0,0,0,5,Las veces que me he dirigido hasta allá he recibido una atención de calidad.
132,22/01/94,1,1,0,2012,1,5,No,4,0,0,12,0.9535,,3,0,Municipio Libertador Caracas,Municipio Libertador Caracas,Padre,Apartamento en quinta - casa quinta o casa,No,No,1500,300,0,0,3000,300,0,0,300,0,500,0,300,Padre,1,2457.02,0,0,5000,300,0,0,0,500,0,500,5,me gustaria que la difusion de la de avisos tales como la renovacion de becas u alguna otra informacion  sea con mayor tiempo de antelacion para que el estudiante tome las medidas necesarias
133,12/09/94,1,1,1,2012,1,4,No,5,0,0,15.69,1,,5,0,Vargas,,Madre,Casa en barrio rural,No,No,1500,500,200,0,2000,600,0,0,300,0,400,0,200,Madre,4,6000,0,0,4500,700,500,0,0,200,0,1500,5,"Me parece que el servicio es muy bueno no tengo ninguna recomendación, me parece que la trabajadora actual es excelente. "
134,06/12/94,1,1,1,2012,2,5,No,4,0,1,12.500,0.8696,Problemas personales,6,0,Vargas,,Ambos padres,Casa en barrio rural,No,No,1500,1400,0,0,1500,200,0,0,500,0,700,0,0,Padre,6,16043.76,0,0,9000,2700,0,0,3000,1000,0,343.76,4,Mayor seguridad para la oficina de OBE 
135,18/02/93,1,1,1,2011,3,5,olvido de clave,4,0,1,13.157,0.800,"Problemas familiares, Problemas económicos, Falta de tiempo para estudiar, Elevada carga horaria, Mala distribución del tiempo, Lejanía entre la residencia y la universidad",5,0,Delta Amacuro,Valles del Tuy,Familiares maternos,Apartamento en edifico,No,No,1500,0,0,1500,500,500,600,400,200,0,200,100,100,Usted mismo,1,2000,0,0,500,500,600,400,200,100,200,100,5,no tengo sugerencias
136,01/12/93,1,1,1,2012,2,5,Por venta de la casa.,5,0,0,14.320,0.9176,,6,0,Lara,Municipio Libertador Caracas,compañeros de habitacion alquilada,"Habitación alquilada (Municipio Libertador, Parroquia San Pedro. Urb. Valle Abajo, Residencias Valle Abajo, Torre F Piso 4, Apto 4-1.)",No,No,1500,4000,1500,0,1000,100,0,0,300,5000,600,0,0,Padre,5,6500,3000,2500,2000,200,450,0,150,350,0,300,4,mejorar un poco los horarios de atención.
137,12/06/91,1,1,0,2013,1,4,No,5,0,5,14,0.10000,,4,0,Municipio Chacao,Municipio Chacao,Ambos padres,Apartamento en quinta - casa quinta o casa,No,No,1500,300,100,200,1000,200,300,0,0,0,500,0,100,Madre,2,6000,0,0,3000,600,0,0,2000,0,0,0,4,"aumentar la beca. De resto, es un buen servicio."
138,01/03/93,1,1,1,2009,2,6,No,4,0,1,11.686,0.7155,Problemas de adaptación de la UCV,5,0,Barlovento,Municipio Chacao,Ambos padres,Apartamento en edifico,No,"Secretaria, sólo los sábados medio turno.",1500,3600,2800,2000,3000,500,1500,600,1500,0,2000,500,120,Madre,1,6747,10000,3000,8000,500,3000,600,0,600,1000,0,4,Sugiero que el monto de la beca llegue completo al momento de que el Presidente aumente el monto de la beca.
139,11/04/94,1,1,1,2012,2,5,No,4,1,0,11.857,0.7887,,6,0,Guarenas - Guatire,Guarenas - Guatire,Ambos padres,Casa en barrio urbano,No,No,1500,600,0,0,0,400,0,800,0,0,800,0,200,Madre,3,6852.08,0,0,4000,800,0,1400,0,250,0,600,4,Resguardar información importante en lugares seguros..
140,07/09/93,1,1,0,2010,2,6,No,3,0,0,14.371,1,,1,1,Valles del Tuy,Valles del Tuy,Ambos padres,casa,No,No,1500,500,500,0,500,150,500,500,500,0,500,0,0,Madre,5,7500,0,0,5000,1000,1000,0,0,0,0,500,5,Buena atención y puntualidad en los pagos... Gracias
141,04/02/95,1,1,0,2012,2,4,No,5,0,0,14.0862,1,,4,0,Municipio Libertador Caracas,Municipio Libertador Caracas,Madre,Casa en barrio urbano,No,No,15000,2000,0,0,500,500,0,0,1000,0,600,1000,300,Madre,6,7721.56,3000,0,6000,1500,0,0,0,1000,0,1500,4,Realizar jornadas de las q ofrece OBE en la Escuela de Enfermería
142,28/02/92,1,1,1,2010,1,4,No,3,1,1,12.78,0.4842,Lejanía entre la residencia y la universidad,3,0,Barlovento,Altos Mirandinos,Madre,Casa en barrio urbano,No,No,1500,2000,0,0,0,2000,0,0,0,0,1500,0,0,Madre,2,7000,0,0,3000,4000,0,0,0,0,0,0,5,lo estan haciendo muy bien. felicidades
143,18/02/93,1,0,0,2010,2,7,No,2,0,0,14.539,0.9664,,2,0,Altos Mirandinos,Altos Mirandinos,"Padres, hermana y abuelos maternos",Casa en barrio urbano,No,No,1500,4000,500,2400,2800,500,500,0,1000,0,2000,1000,500,Padre,8,55635.46,2000,"5324, 98",15500,2000,8780,2000,3000,5650,2250.45,9950,5,"Realmente, el proceso es muy satisfactorio y mucho mas al agregar la deficiencia presupuestaria del pais. La calidad de servicio es de las mas alta y profesional. "
144,25/05/95,1,1,0,2014,1,3,No,5,0,0,14.909,1,,5,0,Altos Mirandinos,Altos Mirandinos,Ambos padres,Casa en barrio rural,No,No,1500,1000,0,0,600,400,0,0,300,0,700,0,500,Padre,4,25000,8000,1000,10000,1000,2500,800,3000,800,0,4900,4,Colocar una ofinica de obe en la escuela de enfermeria 
145,17/06/93,1,1,0,2011,2,6,No,3,0,0,14.841,1,,2,0,Vargas,,Madre,Casa en barrio rural,No,No,1500,1000,0,0,800,250,150,0,300,0,800,0,200,Madre,3,425140,0,0,1500,500,700,0,1000,300,0,250,5,"ninguna por el momento, ya que que no tengo queja sobre la calidad de los servicios ofrecidos."
146,12/04/93,1,1,1,2011,1,6,No,5,0,0,15.49,1,,4,0,Municipio Libertador Caracas,Municipio Libertador Caracas,Ambos padres,Apartamento en edifico,No,No,1500,4000,200,0,900,500,500,500,1000,0,2000,500,200,Ambos padres,2,8773759,2000,0,5000,1000,0,500,2000,500,500,1000,5,EXCELENTE 
147,29/10/92,1,1,0,2010,2,7,No,2,0,0,12.63,0.92,,2,0,Barinas,Municipio Libertador Caracas,Familiares maternos,Casa en barrio rural,No,No,1500,2000,0,0,1500,1000,0,0,500,0,700,500,300,MI HERMANA,3,9680,0,0,4000,2000,3000,0,0,1000,0,2500,5,Que se continúe realizando la recepción de documentos en nuestra escuela ya que resulta mas fácil por horario que podamos realizar el tramite de la renovación. También que la trabajadora social tenga un espacio en la Escuela de Enfermería destinado a la atención de becarios y de mas información referente a OBE.
148,19/07/93,1,1,1,2011,1,7,No,4,0,0,14.8,1,,4,0,Valles del Tuy,Valles del Tuy,Madre,Casa en barrio rural,No,No,1500,2000,0,0,1000,500,0,0,500,0,1500,0,0,Madre,2,15060,0,0,8000,800,1500,0,0,1000,0,3000,4,Continuar ofreciendo la ayuda y orientacion a los estudiantes.
149,04/09/92,1,1,0,2010,1,7,No,2,0,0,12.130,0.8156,,2,0,Municipio Sucre,Municipio Sucre,Madre,Casa en barrio urbano,No,No,1500,1000,0,0,1000,1000,800,1000,800,0,1000,0,160,Madre,4,6200,1500,0,36000,1000,800,1000,0,200,0,300,5,no tengo nada que acotar debido a que desde que obtuve este beneficio la atención a sido eficiente
150,21/03/93,1,1,0,2014,2,3,No,5,0,0,15.555,1,,5,0,Municipio Sucre,Municipio Sucre,Madre,Casa en barrio urbano,No,No,1500,1000,0,0,300,400,0,0,800,0,800,0,200,Madre,4,8000,0,0,3000,500,1000,0,2500,500,0,500,5,"El servicios es bueno, lo único que tiene que mejor es que a todos le lleguen la información de las renovaciones al correo. "
151,07/12/93,1,0,1,2011,2,5,No,4,0,0,15.18,1,,7,0,Yaracuy,Municipio Libertador Caracas,Amigos,Apartamento en edifico,No,No,1500,3500,0,0,1500,250,0,0,0,0,250,0,0,Madre,2,15000,0,0,8000,1000,2000,0,2000,1000,0,1000,4,ser un poco mas amables con las personas.
152,21/04/94,1,1,0,2011,1,7,No,1,0,0,15.617,1,,2,0,Municipio Libertador Caracas,,Madre,Casa en barrio urbano,No,No,1500,500,0,0,400,150,0,0,600,0,300,400,150,Madre,2,9600,0,0,5000,500,1000,0,1800,100,0,1200,1,Muy buena atención por parte de nuestra trabajadora social. sin inconvenientes
153,04/02/94,1,1,1,2011,2,7,No,5,0,0,16.461,1,,5,0,Guárico,Municipio Libertador Caracas,Familiares paternos,Apartamento en edifico,No,No,1500,2000,500,0,1000,300,0,0,500,0,1200,600,200,Padre,5,10500,2000,0,7000,600,1500,0,0,800,0,800,5, muy buena la atencion agradecida con la ayuda que mensualmente me brindan 
154,20/02/94,1,0,1,2011,1,5,No,4,0,0,15.101,1,,7,0,Guarenas - Guatire,Guarenas - Guatire,"Madre, Hermana, Abuela",Quinta o casa quinta,No,No,1500,1300,0,0,600,1000,0,0,200,0,1000,0,0,Madre,5,22600,0,153,8000,2000,3500,1000,975,500,100,500,4,Mandar correos con información acerca de los distintos servicios y beneficios ofrecidos por la universidad. Y sobre los cambios en la beca.
155,23/06/94,1,1,0,2012,1,5,No,4,0,0,15.463,1,,3,0,Municipio Libertador Caracas,,Madre,Apartamento en edifico,No,No,1500,500,0,0,500,150,0,0,150,0,1200,0,0,Madre,3,19400,0,3000,4400,500,0,0,10000,1000,0,500,5,"No tengo ninguna sugerencia ni recomendacion, es un buen servicio para la situacion economica que se vive en el pais, estoy agradecida con mi beca y con el servicio que me presta la universidad"
156,07/04/94,1,1,0,2012,2,5,No,4,0,0,14.634,1,,3,0,Municipio Libertador Caracas,Municipio Libertador Caracas,Madre,Casa en barrio urbano,No,No,1500,1000,0,0,400,500,0,0,0,0,1600,0,0,Madre,3,5247,5622,0,7400,1000,1000,0,469,300,0,700,5,deberían colocar una oficina de OBE en la escuela de enfermería :)
157,09/05/93,1,1,0,2010,1,7,No,2,0,0,12,0.98,,2,0,Municipio Sucre,Municipio Sucre,Familiares paternos,Apartamento en edifico,No,No,1500,1000,0,0,0,400,0,0,800,0,800,500,0,Familiares,4,5300,0,800,3000,400,0,0,0,600,500,0,4,Dar mayor informacion cuando no se cancela el pago de la beca a tiempo y el por que...y los retroactivos!
158,14/12/93,1,1,1,2012,2,6,No,5,0,0,16.582,1,,4,0,Altos Mirandinos,Altos Mirandinos,Madre,Apartamento en edifico,No,No,1500,500,0,300,450,200,200,0,500,0,600,300,50,Madre,1,8000,1000,0,3500,1000,1200,1000,0,200,700,400,5,"La atención recibida fue bastante buena, como recomendación que sigan trabajando por tener un sistema cada vez mas beneficioso. "
159,17/11/93,1,1,0,2012,1,5,No,4,0,0,15.73,1,,3,0,Municipio Libertador Caracas,Municipio Libertador Caracas,Ambos padres,Casa en barrio urbano,No,No,1500,1200,0,0,1500,250,100,0,400,0,350,100,0,Madre,2,5175,4000,0,3800,1400,1000,0,600,700,0,400,4,"La labor realizada por la trabajadora social de la escuela de Enfermería es muy eficiente y responsable. sin embargo, se sugiere establecer una fecha fija para el depósito de la beca e incluir los pagos atrasados"
160,24/05/94,1,1,1,2011,2,5,No,5,0,0,16.533,1,,6,0,Guarenas - Guatire,Guarenas - Guatire,Familiares maternos,Apartamento en edifico,No,No,1500,2000,0,0,850,1400,400,0,0,0,600,0,250,Madre,3,10000,0,680,3000,3200,1400,720,0,300,400,300,5,todo está bastante bien...!
161,18/09/95,1,1,1,2013,2,4,No,5,0,0,15.673,1,,5,0,Municipio Sucre,Municipio Sucre,abuela,Apartamento en edifico,No,No,1500,1000,1000,0,2000,500,0,0,300,0,300,0,0,Madre,2,9443,4400,0,4000,1000,5000,0,0,0,600,0,4,Espero que los problemas en cuanto al aumento de la beca se solventen pronto. En lo demás no tengo quejas. 
162,08/11/95,1,1,0,2012,2,5,No,4,0,0,14.375,1,,3,0,Municipio Libertador Caracas,Municipio Libertador Caracas,Ambos padres,Apartamento en edifico,No,No,1500,400,0,0,0,800,0,0,400,0,600,0,0,Padre,4,13143,0,0,5000,1600,0,0,0,1000,1800,3743,4,"Deberían estar mas tiempo en cada escuela, específicamente las sedes que quedan retiradas de la oficina principal de la OBE. "
163,09/02/94,1,1,1,2011,2,6,No,4,0,1,13.082,0.876,"Problemas familiares, Mala distribución del tiempo",5,0,Monagas,Municipio Sucre,Familiares paternos,Apartamento en edifico,No,No,1500,0,2000,400,800,72,0,700,500,0,1000,300,200,Familiares,3,5622,2000,121,7000,100,300,0,0,547,0,0,5,"Considero que la atención es acorde, con un trato grato y  satisfactorio.  "
164,01/11/95,1,1,1,2013,2,4,No,5,0,0,13.211,1,,6,0,Portuguesa,Municipio Sucre,Dueños del apartamento donde alquilo la habitacion,Habitación alquilada (Av Sanz calle convento II El Marques Edo. Miranda),No,No,1500,7000,0,0,1000,150,0,0,0,5000,500,350,0,Madre,4,7381,0,0,3000,0,0,0,0,0,0,4000,5,Tal vez extender un poco el horario de atencion.
165,27/10/95,1,1,0,2014,2,3,No,5,0,0,13.805,1,,5,2,Municipio Libertador Caracas,Municipio Libertador Caracas,Ambos padres,Apartamento en edifico,No,No,1500,1000,500,0,0,500,0,0,0,0,2000,0,500,Ambos padres,3,8400,5000,2000,4000,1000,4000,0,1300,700,800,0,5,"Realmente la atención prestada es bastante satisfactoria, el personal es sumamente amable y cordial.

La única sugerencia seria ver si se podría hacer un comunicado para aumentar un poco más la beca estudio ya que hoy en día todo se ha encarecido bastante.

Muchas Gracias por la ayuda prestada."
166,25/09/94,1,1,1,2012,1,4,No,6,0,0,15.272,1,,6,0,Municipio Baruta,Municipio Baruta,Madre,Quinta o casa quinta,No,No,1500,1000,0,0,0,400,0,800,1000,0,300,300,200,Madre,2,9828,0,0,6000,1000,0,1000,0,1200,0,900,5,Estoy a gusto con su atención. 
167,01/06/94,1,1,0,2011,1,7,No,2,0,0,12.808,1,,2,0,Municipio Libertador Caracas,Municipio Libertador Caracas,Ambos padres,Apartamento en edifico,No,No,1500,0,0,0,800,300,150,0,800,0,600,0,200,Ambos padres,1,11200,0,200,6000,500,4000,1500,0,1000,400,600,5,"Sigan así, claro y entendible."
168,20/05/94,1,1,1,2012,2,4,No,5,0,0,15.923,1,,5,0,Guarenas - Guatire,Guarenas - Guatire,Ambos padres,Apartamento en edifico,No,No,1500,4000,0,0,0,2200,900,0,800,0,1600,0,0,Padre,3,5622,5100,0,4500,500,4000,0,1030,292,400,0,5,Muy buen trabajo. Continuar con la buen desempeño en el Servicio ofrecido a toda la comunidad estudiantil.
169,14/12/94,1,1,0,2013,1,2,No,1,1,1,10.904,0.8077,"Problemas personales, Problemas familiares, Falta de tiempo para estudiar",3,1,Municipio Libertador Caracas,Municipio Libertador Caracas,Madre,Casa en barrio urbano,No,No,1500,1500,0,0,300,300,1000,0,0,0,1000,0,170,Madre,3,13700,0,0,7000,1000,2000,0,1500,1000,0,200,5,"La presente organización presta un buen servicio, la cual agradezco. En este momento no tengo alguna sugerencia o recomendación que pueda aportar, en el momento de tener alguna se los haré saber, muchas gracias por su atención."
170,09/01/94,1,1,0,2011,1,5,No,2,0,1,13.489,0.9143,"Problemas personales, Problemas con el/la docente",1,0,Municipio Libertador Caracas,Municipio Libertador Caracas,Ambos padres,Apartamento en edifico,No,No,1500,2000,0,0,1400,600,0,0,0,0,900,300,300,Madre,3,10000,4000,0,9000,2000,0,0,0,2000,1000,0,4,Alargar el plazo de entrega de recaudos para la renovación de la beca a 1 semana. Avisar con más tiempo de anticipación la fecha de la renovación de la beca para así recaudar los documentos necesarios con tiempo.
171,03/08/94,1,1,0,2011,1,7,No,2,0,0,13.46,1,,2,0,Municipio Libertador Caracas,Municipio Libertador Caracas,ambos padres y dos hermanis,Apartamento en edifico,No,No,1500,1000,0,0,1000,600,200,400,300,0,100,100,100,Madre,4,13312,0,0,8500,1200,1000,1000,0,600,400,2000,5,"Hasta ahora me ha gustado la facilidad del proceso, espero se mantenga así."
172,21/09/94,1,1,0,2011,1,3,No,3,0,0,11.763,0.8261,,5,2,Municipio Libertador Caracas,Municipio Libertador Caracas,Familiares paternos,Casa en barrio urbano,No,No,1500,500,500,800,1000,544,900,0,500,0,2000,900,2160,Familiares,5,14810,9000,0,10600,1124,6700,0,200,1690,0,1431,5,es muy buena su atención. han pagado los días correspondientes. que era la única queja que se tenia.
173,15/08/96,1,1,1,2013,1,3,No,1,0,4,12.700,0.5556,"Problemas personales, Falta de tiempo para estudiar",4,0,Municipio Libertador Caracas,Municipio Libertador Caracas,Ambos padres,Apartamento en edifico,No,No,1500,400,0,0,0,400,0,300,400,0,400,0,300,Madre,3,8866.27,0,0,3000,1000,900,1000,1000,1000,500,370,3,realizar mas jornadas en la universidad 
174,21/10/95,1,1,1,2014,1,2,No,4,0,0,13.458,0.889,,6,0,Municipio Libertador Caracas,Municipio Libertador Caracas,Ambos padres,Casa en barrio urbano,No,No,1500,2500,0,0,1500,500,600,0,1000,0,1000,600,300,Madre,4,13414,6000,200,12000,2000,1500,0,1500,800,0,2500,4,ninguna me parece muy buena su atencion
175,14/09/95,1,1,0,2013,1,3,No,5,0,0,13.333,1,,4,3,Municipio Sucre,Municipio Sucre,Madre,Casa en barrio urbano,No,No,1500,2000,0,0,0,800,0,0,0,0,1000,1000,0,Madre,1,6800,3000,0,4000,1300,1500,0,0,500,0,0,5,"Ninguna Sugerencia o Recomendación, sus atenciones han sido  Excelentes "
176,16/09/96,1,1,1,2013,1,1,No,2,0,3,12.7,0.3571,"Problemas vocacionales, Deficiente formación del bachillerato, Mala distribución del tiempo",3,0,Vargas,,Ambos padres,Casa en barrio urbano,"fecha:2014
instituto:OBE
compras de material de estudio",No,1500,1000,0,0,2000,500,0,0,0,0,1500,0,0,Padre,4,5909.3,2000,0,3000,1000,2000,0,1000,500,0,500,4,mejorar el servicio en OBE
177,11/10/96,1,0,1,2014,2,2,No,5,0,0,16.600,1,,5,0,Yaracuy,Municipio Sucre,Solo,"Habitación alquilada (Sta. Eduvigis, Municipio Sucre, Caracas.)",No,No,1500,4000,4000,0,3000,400,2000,1200,1300,6500,2070,400,760,Padre,2,12054.50,10000,1700,4500,300,2000,0,0,700,250,1800,5,"Todo me parece bien, cómodo y sencillo, bien explicado y resumido."
178,17/06/96,1,1,0,2014,3,2,No,2,0,3,12.352,0.5313,Elevada carga horaria,5,0,Municipio Baruta,Municipio Baruta,Ambos padres,Apartamento en edifico,No,No,1500,1000,0,0,1000,80,0,0,420,0,1000,0,0,Ambos padres,1,13500,17879,2000,10000,800,700,0,0,1512,3500,0,3,Tener más amabilidad con los estudiantes
179,24/10/96,1,0,1,2014,3,3,No,4,0,0,13.936,0.1000,,4,0,Municipio Libertador Caracas,Municipio Libertador Caracas,Madre,Apartamento en edifico,No,No,1500,1200,500,0,400,500,300,1200,1000,0,2000,450,250,Madre,4,8138,0,0,7000,1200,2190,1500,4000,300,200,0,5,"informar a los estudiantes acerca de la ubicación de las oficinas, debido a que muchos no saben."
180,03/03/96,1,1,0,2014,1,3,No,5,0,1,15.027,0.15027,Problemas de salud,5,2,Guarenas - Guatire,Guarenas - Guatire,hermano,Casa de vecindad,"solicitud 2015 en el instituto OBE , motivo ayuda economica para gastos de la universidad (libro, pasaje, equipo de enfermeria, etc)",No,1500,500,300,0,500,1000,1000,2500,1000,0,3000,1000,1000,Madre,3,5600,2000,2000,5000,3000,1500,2500,0,2000,0,2000,5,hasta los momentos todo marcha excelente
181,03/03/95,1,1,1,2012,2,4,No,5,1,0,15.000,1,,5,0,Monagas,Municipio Libertador Caracas,Residencia,Residencia estudiantil (Distrito Libertador. Municipio Libertador URB. La campiña Calle los mangos. Residencia Villa Magna piso 02),No,No,2000,6500,0,0,1800,500,0,0,400,5000,600,0,200,Padre,5,19266,0,0,8500,400,1000,0,0,1000,0,1500,4,"Me parece que la atención es muy buena, fueron muy cordiales."
182,20/03/96,1,1,1,2014,2,3,No,4,0,0,14.750,1,,5,0,Municipio Libertador Caracas,Municipio Libertador Caracas,Ambos padres,Quinta o casa quinta,No,No,1500,2000,0,0,1500,300,0,0,600,0,150,0,100,Padre,4,13871,5622,0,16000,1000,0,0,0,1000,0,6000,5,Es mi primera renovación. La beca me a ayudado a cubrir parte de mis gastos.
183,03/07/95,1,1,1,2012,1,4,No,6,0,0,14.581,0.1000,,6,0,Municipio Libertador Caracas,Municipio Libertador Caracas,Madre,Apartamento en edifico,No,No,1500,600,0,0,1000,100,500,0,600,0,500,0,0,Padre,3,8100,0,0,12000,500,2000,0,0,500,450,400,5,excelente atencion
184,12/05/95,1,1,0,2013,2,4,No,5,0,0,13.413,1,no eh reprobado materias,4,0,Yaracuy,Municipio Sucre,dueña del apartamento,Apartamento en edifico,No,No,1500,1500,0,0,500,200,500,0,500,0,1000,0,80,Madre,1,5650,0,1000,500,200,2000,0,0,0,0,100,4,ninguna. el metodo actual es realmente eficaz.
185,19/11/96,1,1,0,2014,1,2,No,5,0,0,14.117,1,,5,0,Municipio Libertador Caracas,Municipio Libertador Caracas,Familiares maternos,Apartamento en edifico,"año 2014, OBE, solicitada para cubrir parte de los gastos mensuales estudiantiles",No,1500,1000,0,0,1000,800,1000,0,1500,0,2000,200,200,abuela,4,15000,1200,0,12000,1000,3000,0,2500,2000,2000,2100,3,que las jornadas duren mas tiempo
186,30/03/95,1,1,0,2012,2,5,No,4,0,0,14.597,1,,3,0,Municipio Libertador Caracas,Municipio Libertador Caracas,Ambos padres,Casa en barrio urbano,No,No,1500,1300,0,0,1600,300,100,0,350,0,350,100,0,Madre,3,6537,3400,0,6000,1100,450,0,0,400,200,487,4,"El servicio brindado a través de la trabajadora social es bueno,con grata atención, responsabilidad y puntualidad. Los pagos se realizan siempre durante la fecha estipulada, aunque aun no se ha recibido el aumento becario."
187,29/08/96,1,1,0,2014,2,3,Enfermedad de mi mamá,5,0,0,15,1,,5,0,Valles del Tuy,Valles del Tuy,Madre,Casa en barrio urbano,No,No,1500,0,2000,0,0,1320,0,0,300,0,300,0,250,Madre,1,0,3000,0,2500,200,0,0,0,300,0,0,5,"La atención me parece totalmente agradable y satisfactoria, por lo que no es necesario una mejora."
188,02/08/96,1,1,1,2014,2,2,No,3,0,2,11.4,0.3845,"Problemas económicos, Problemas de salud",4,0,Lara,Municipio Baruta,sola,Habitación alquilada (colinas de Bello Monte av-Caurimare edf-san antonio de padua piso uno apartamento uno),No,No,1500,3000,5000,0,1000,500,1000,500,0,5000,1500,0,0,Madre,3,7873.44,0,0,2000,1000,2500,0,600,650,0,1000,3,..
189,19/10/94,1,1,1,2012,2,6,No,7,0,0,14.314,0.9674,,4,0,Municipio Libertador Caracas,Municipio Libertador Caracas,Madre,Casa en barrio urbano,No,No,1500,1000,0,0,500,600,0,0,500,0,500,200,200,Madre,3,6126,0,0,3000,1200,1000,0,0,500,0,400,5,extender el horario de atención
190,07/01/91,1,0,1,2012,1,5,No,4,0,0,16.449,1,,7,0,Altos Mirandinos,Altos Mirandinos,Ambos padres,Quinta o casa quinta,No,No,1500,2000,200,0,1500,2300,0,0,0,0,700,110,200,Madre,4,14000,6000,0,10000,3000,3000,0,500,2000,300,800,5,"Informar con anticipaciòn el proceso de renovaciòn,ya que la constancia de trabajo demora dos semanas en ser emitida por la secretaria del dador de trabajo."
